Title,Price,Rating,Availability
A Light in the Attic,,Three,In stock
Tipping the Velvet,,One,In stock
Soumission,,One,In stock
Sharp Objects,,Four,In stock
Sapiens: A Brief History of Humankind,,Five,In stock
The Requiem Red,,One,In stock
The Dirty Little Secrets of Getting Your Dream Job,,Four,In stock
"The Coming Woman: A Novel Based on the Life of the Infamous Feminist, Victoria Woodhull",,Three,In stock
The Boys in the Boat: Nine Americans and Their Epic Quest for Gold at the 1936 Berlin Olympics,,Four,In stock
The Black Maria,,One,In stock
"Starving Hearts (Triangular Trade Trilogy, #1)",,Two,In stock
Shakespeare's Sonnets,,Four,In stock
Set Me Free,,Five,In stock
Scott Pilgrim's Precious Little Life (Scott Pilgrim #1),,Five,In stock
Rip it Up and Start Again,,Five,In stock
"Our Band Could Be Your Life: Scenes from the American Indie Underground, 1981-1991",,Three,In stock
Olio,,One,In stock
Mesaerion: The Best Science Fiction Stories 1800-1849,,One,In stock
Libertarianism for Beginners,,Two,In stock
It's Only the Himalayas,,Two,In stock
In Her Wake,,One,In stock
How Music Works,,Two,In stock
"Foolproof Preserving: A Guide to Small Batch Jams, Jellies, Pickles, Condiments, and More: A Foolproof Guide to Making Small Batch Jams, Jellies, Pickles, Condiments, and More",,Three,In stock
Chase Me (Paris Nights #2),,Five,In stock
Black Dust,,Five,In stock
Birdsong: A Story in Pictures,,Three,In stock
America's Cradle of Quarterbacks: Western Pennsylvania's Football Factory from Johnny Unitas to Joe Montana,,Three,In stock
Aladdin and His Wonderful Lamp,,Three,In stock
Worlds Elsewhere: Journeys Around Shakespeareâs Globe,,Five,In stock
Wall and Piece,,Four,In stock
The Four Agreements: A Practical Guide to Personal Freedom,,Five,In stock
The Five Love Languages: How to Express Heartfelt Commitment to Your Mate,,Three,In stock
The Elephant Tree,,Five,In stock
The Bear and the Piano,,One,In stock
Sophie's World,,Five,In stock
Penny Maybe,,Three,In stock
Maude (1883-1993):She Grew Up with the country,,Two,In stock
"In a Dark, Dark Wood",,One,In stock
Behind Closed Doors,,Four,In stock
You can't bury them all: Poems,,Two,In stock
Slow States of Collapse: Poems,,Three,In stock
Reasons to Stay Alive,,Two,In stock
Private Paris (Private #10),,Five,In stock
#HigherSelfie: Wake Up Your Life. Free Your Soul. Find Your Tribe.,,Five,In stock
Without Borders (Wanderlove #1),,Two,In stock
When We Collided,,One,In stock
"We Love You, Charlie Freeman",,Five,In stock
Untitled Collection: Sabbath Poems 2014,,Four,In stock
"Unseen City: The Majesty of Pigeons, the Discreet Charm of Snails & Other Wonders of the Urban Wilderness",,Four,In stock
Unicorn Tracks,,Three,In stock
"Unbound: How Eight Technologies Made Us Human, Transformed Society, and Brought Our World to the Brink",,One,In stock
Tsubasa: WoRLD CHRoNiCLE 2 (Tsubasa WoRLD CHRoNiCLE #2),,One,In stock
Throwing Rocks at the Google Bus: How Growth Became the Enemy of Prosperity,,Three,In stock
This One Summer,,Four,In stock
Thirst,,Five,In stock
The Torch Is Passed: A Harding Family Story,,One,In stock
The Secret of Dreadwillow Carse,,One,In stock
"The Pioneer Woman Cooks: Dinnertime: Comfort Classics, Freezer Food, 16-Minute Meals, and Other Delicious Ways to Solve Supper!",,One,In stock
The Past Never Ends,,Four,In stock
The Natural History of Us (The Fine Art of Pretending #2),,Three,In stock
The Nameless City (The Nameless City #1),,Four,In stock
The Murder That Never Was (Forensic Instincts #5),,Three,In stock
The Most Perfect Thing: Inside (and Outside) a Bird's Egg,,Four,In stock
"The Mindfulness and Acceptance Workbook for Anxiety: A Guide to Breaking Free from Anxiety, Phobias, and Worry Using Acceptance and Commitment Therapy",,Four,In stock
The Life-Changing Magic of Tidying Up: The Japanese Art of Decluttering and Organizing,,Three,In stock
"The Inefficiency Assassin: Time Management Tactics for Working Smarter, Not Longer",,Five,In stock
The Gutsy Girl: Escapades for Your Life of Epic Adventure,,One,In stock
The Electric Pencil: Drawings from Inside State Hospital No. 3,,One,In stock
The Death of Humanity: and the Case for Life,,Four,In stock
"The Bulletproof Diet: Lose up to a Pound a Day, Reclaim Energy and Focus, Upgrade Your Life",,Three,In stock
The Art Forger,,Three,In stock
The Age of Genius: The Seventeenth Century and the Birth of the Modern Mind,,One,In stock
The Activist's Tao Te Ching: Ancient Advice for a Modern Revolution,,Five,In stock
Spark Joy: An Illustrated Master Class on the Art of Organizing and Tidying Up,,Four,In stock
Soul Reader,,Two,In stock
Security,,Two,In stock
"Saga, Volume 6 (Saga (Collected Editions) #6)",,Three,In stock
"Saga, Volume 5 (Saga (Collected Editions) #5)",,Two,In stock
Reskilling America: Learning to Labor in the Twenty-First Century,,Two,In stock
"Rat Queens, Vol. 3: Demons (Rat Queens (Collected Editions) #11-15)",,Three,In stock
"Princess Jellyfish 2-in-1 Omnibus, Vol. 01 (Princess Jellyfish 2-in-1 Omnibus #1)",,Five,In stock
Princess Between Worlds (Wide-Awake Princess #5),,Five,In stock
"Pop Gun War, Volume 1: Gift",,One,In stock
"Political Suicide: Missteps, Peccadilloes, Bad Calls, Backroom Hijinx, Sordid Pasts, Rotten Breaks, and Just Plain Dumb Mistakes in the Annals of American Politics",,Two,In stock
Patience,,Three,In stock
"Outcast, Vol. 1: A Darkness Surrounds Him (Outcast #1)",,Four,In stock
orange: The Complete Collection 1 (orange: The Complete Collection #1),,One,In stock
Online Marketing for Busy Authors: A Step-By-Step Guide,,One,In stock
On a Midnight Clear,,Three,In stock
Obsidian (Lux #1),,Two,In stock
My Paris Kitchen: Recipes and Stories,,Two,In stock
Masks and Shadows,,Two,In stock
"Mama Tried: Traditional Italian Cooking for the Screwed, Crude, Vegan, and Tattooed",,Four,In stock
"Lumberjanes, Vol. 2: Friendship to the Max (Lumberjanes #5-8)",,Two,In stock
"Lumberjanes, Vol. 1: Beware the Kitten Holy (Lumberjanes #1-4)",,Three,In stock
Lumberjanes Vol. 3: A Terrible Plan (Lumberjanes #9-12),,Two,In stock
"Layered: Baking, Building, and Styling Spectacular Cakes",,One,In stock
Judo: Seven Steps to Black Belt (an Introductory Guide for Beginners),,Two,In stock
Join,,Five,In stock
In the Country We Love: My Family Divided,,Four,In stock
